INSERT INTO categories (id, name, description) VALUES
(1, 'Щелочные металлы', 'Alkali metals'),
(2, 'Щелочноземельные металлы', 'Alkaline earth metals'),
(3, 'Переходные металлы', 'Transition metals'),
(4, 'Пост-переходные металлы', 'Post-transition metals'),
(5, 'Полуметаллы', 'Metalloids'),
(6, 'Неметаллы', 'Nonmetals'),
(7, 'Галогены', 'Halogens'),
(8, 'Благородные газы', 'Noble gases');


INSERT INTO chemical_elements (id, symbol, name, atomic_mass, price_amount, price_currency, is_radioactive, is_synthetic) VALUES
(1, 'H', 'Hydrogen', 1.008, 10.00, 'USD', false, false),
(2, 'He', 'Helium', 4.0026, 25.00, 'USD', false, false),
(3, 'Li', 'Lithium', 6.94, 50.00, 'USD', false, false),
(4, 'Be', 'Beryllium', 9.0122, 150.00, 'USD', false, false),
(5, 'B', 'Boron', 10.81, 35.00, 'USD', false, false),
(6, 'C', 'Carbon', 12.011, 5.00, 'USD', false, false),
(7, 'N', 'Nitrogen', 14.007, 2.00, 'USD', false, false),
(8, 'O', 'Oxygen', 15.999, 3.00, 'USD', false, false),
(9, 'F', 'Fluorine', 18.998, 80.00, 'USD', false, false),
(10, 'Ne', 'Neon', 20.180, 30.00, 'USD', false, false),
(11, 'Na', 'Sodium', 22.990, 15.00, 'USD', false, false),
(12, 'Mg', 'Magnesium', 24.305, 20.00, 'USD', false, false),
(13, 'Al', 'Aluminium', 26.982, 12.00, 'USD', false, false),
(14, 'Si', 'Silicon', 28.085, 18.00, 'USD', false, false),
(15, 'P', 'Phosphorus', 30.974, 40.00, 'USD', false, false),
(16, 'S', 'Sulfur', 32.06, 8.00, 'USD', false, false),
(17, 'Cl', 'Chlorine', 35.45, 45.00, 'USD', false, false),
(18, 'Ar', 'Argon', 39.948, 22.00, 'USD', false, false),
(19, 'K', 'Potassium', 39.098, 25.00, 'USD', false, false),
(20, 'Ca', 'Calcium', 40.078, 15.00, 'USD', false, false),
(21, 'Sc', 'Scandium', 44.956, 3500.00, 'USD', false, false),
(22, 'Ti', 'Titanium', 47.867, 150.00, 'USD', false, false),
(23, 'V', 'Vanadium', 50.942, 250.00, 'USD', false, false),
(24, 'Cr', 'Chromium', 51.996, 100.00, 'USD', false, false),
(25, 'Mn', 'Manganese', 54.938, 80.00, 'USD', false, false),
(26, 'Fe', 'Iron', 55.845, 5.00, 'USD', false, false),
(27, 'Co', 'Cobalt', 58.933, 300.00, 'USD', false, false),
(28, 'Ni', 'Nickel', 58.693, 120.00, 'USD', false, false),
(29, 'Cu', 'Copper', 63.546, 60.00, 'USD', false, false),
(30, 'Zn', 'Zinc', 65.380, 25.00, 'USD', false, false),
(31, 'Ga', 'Gallium', 69.723, 400.00, 'USD', false, false),
(32, 'Ge', 'Germanium', 72.630, 1200.00, 'USD', false, false),
(33, 'As', 'Arsenic', 74.922, 200.00, 'USD', false, false),
(34, 'Se', 'Selenium', 78.971, 350.00, 'USD', false, false),
(35, 'Br', 'Bromine', 79.904, 150.00, 'USD', false, false),
(36, 'Kr', 'Krypton', 83.798, 300.00, 'USD', false, false),
(37, 'Rb', 'Rubidium', 85.468, 500.00, 'USD', false, false),
(38, 'Sr', 'Strontium', 87.620, 180.00, 'USD', false, false),
(39, 'Y', 'Yttrium', 88.906, 350.00, 'USD', false, false),
(40, 'Zr', 'Zirconium', 91.224, 200.00, 'USD', false, false),
(41, 'Nb', 'Niobium', 92.906, 400.00, 'USD', false, false),
(42, 'Mo', 'Molybdenum', 95.950, 220.00, 'USD', false, false),
(43, 'Tc', 'Technetium', 98.000, 60000.00, 'USD', true, true),
(44, 'Ru', 'Ruthenium', 101.070, 8500.00, 'USD', false, false),
(45, 'Rh', 'Rhodium', 102.906, 150000.00, 'USD', false, false),
(46, 'Pd', 'Palladium', 106.420, 55000.00, 'USD', false, false),
(47, 'Ag', 'Silver', 107.868, 700.00, 'USD', false, false),
(48, 'Cd', 'Cadmium', 112.414, 150.00, 'USD', false, false),
(49, 'In', 'Indium', 114.818, 600.00, 'USD', false, false),
(50, 'Sn', 'Tin', 118.710, 200.00, 'USD', false, false),
(51, 'Sb', 'Antimony', 121.760, 120.00, 'USD', false, false),
(52, 'Te', 'Tellurium', 127.600, 500.00, 'USD', false, false),
(53, 'I', 'Iodine', 126.904, 400.00, 'USD', false, false),
(54, 'Xe', 'Xenon', 131.293, 1200.00, 'USD', false, false),
(55, 'Cs', 'Caesium', 132.905, 6000.00, 'USD', false, false),
(56, 'Ba', 'Barium', 137.327, 100.00, 'USD', false, false),
(57, 'La', 'Lanthanum', 138.905, 200.00, 'USD', false, false),
(58, 'Ce', 'Cerium', 140.116, 150.00, 'USD', false, false),
(59, 'Pr', 'Praseodymium', 140.908, 500.00, 'USD', false, false),
(60, 'Nd', 'Neodymium', 144.243, 600.00, 'USD', false, false),
(61, 'Pm', 'Promethium', 145.000, 50000.00, 'USD', true, true),
(62, 'Sm', 'Samarium', 150.362, 350.00, 'USD', false, false),
(63, 'Eu', 'Europium', 151.964, 1500.00, 'USD', false, false),
(64, 'Gd', 'Gadolinium', 157.250, 450.00, 'USD', false, false),
(65, 'Tb', 'Terbium', 158.925, 2000.00, 'USD', false, false),
(66, 'Dy', 'Dysprosium', 162.500, 1200.00, 'USD', false, false),
(67, 'Ho', 'Holmium', 164.930, 1800.00, 'USD', false, false),
(68, 'Er', 'Erbium', 167.259, 800.00, 'USD', false, false),
(69, 'Tm', 'Thulium', 168.934, 3000.00, 'USD', false, false),
(70, 'Yb', 'Ytterbium', 173.045, 750.00, 'USD', false, false),
(71, 'Lu', 'Lutetium', 174.967, 2500.00, 'USD', false, false),
(72, 'Hf', 'Hafnium', 178.490, 1200.00, 'USD', false, false),
(73, 'Ta', 'Tantalum', 180.948, 350.00, 'USD', false, false),
(74, 'W', 'Tungsten', 183.840, 250.00, 'USD', false, false),
(75, 'Re', 'Rhenium', 186.207, 3500.00, 'USD', false, false),
(76, 'Os', 'Osmium', 190.230, 40000.00, 'USD', false, false),
(77, 'Ir', 'Iridium', 192.217, 50000.00, 'USD', false, false),
(78, 'Pt', 'Platinum', 195.084, 30000.00, 'USD', false, false),
(79, 'Au', 'Gold', 196.967, 65000.00, 'USD', false, false),
(80, 'Hg', 'Mercury', 200.592, 250.00, 'USD', false, false),
(81, 'Tl', 'Thallium', 204.380, 4000.00, 'USD', false, false),
(82, 'Pb', 'Lead', 207.200, 20.00, 'USD', false, false),
(83, 'Bi', 'Bismuth', 208.980, 150.00, 'USD', false, false),
(84, 'Po', 'Polonium', 209.000, 100000.00, 'USD', true, true),
(85, 'At', 'Astatine', 210.000, 500000.00, 'USD', true, true),
(86, 'Rn', 'Radon', 222.000, 15000.00, 'USD', true, true),
(87, 'Fr', 'Francium', 223.000, 1000000.00, 'USD', true, true),
(88, 'Ra', 'Radium', 226.000, 200000.00, 'USD', true, true),
(89, 'Ac', 'Actinium', 227.000, 300000.00, 'USD', true, true),
(90, 'Th', 'Thorium', 232.038, 5000.00, 'USD', true, false),
(91, 'Pa', 'Protactinium', 231.036, 350000.00, 'USD', true, true),
(92, 'U', 'Uranium', 238.029, 5000.00, 'USD', true, false),
(93, 'Np', 'Neptunium', 237.000, 250000.00, 'USD', true, true),
(94, 'Pu', 'Plutonium', 244.000, 300000.00, 'USD', true, true),
(95, 'Am', 'Americium', 243.000, 150000.00, 'USD', true, true),
(96, 'Cm', 'Curium', 247.000, 200000.00, 'USD', true, true),
(97, 'Bk', 'Berkelium', 247.000, 300000.00, 'USD', true, true),
(98, 'Cf', 'Californium', 251.000, 800000.00, 'USD', true, true),
(99, 'Es', 'Einsteinium', 252.000, 500000.00, 'USD', true, true),
(100, 'Fm', 'Fermium', 257.000, 600000.00, 'USD', true, true),
(101, 'Md', 'Mendelevium', 258.000, 700000.00, 'USD', true, true),
(102, 'No', 'Nobelium', 259.000, 800000.00, 'USD', true, true),
(103, 'Lr', 'Lawrencium', 266.000, 900000.00, 'USD', true, true),
(104, 'Rf', 'Rutherfordium', 267.000, 1000000.00, 'USD', true, true),
(105, 'Db', 'Dubnium', 268.000, 1000000.00, 'USD', true, true),
(106, 'Sg', 'Seaborgium', 269.000, 1000000.00, 'USD', true, true),
(107, 'Bh', 'Bohrium', 270.000, 1000000.00, 'USD', true, true),
(108, 'Hs', 'Hassium', 277.000, 1000000.00, 'USD', true, true),
(109, 'Mt', 'Meitnerium', 278.000, 1000000.00, 'USD', true, true),
(110, 'Ds', 'Darmstadtium', 281.000, 1000000.00, 'USD', true, true),
(111, 'Rg', 'Roentgenium', 282.000, 1000000.00, 'USD', true, true),
(112, 'Cn', 'Copernicium', 285.000, 1000000.00, 'USD', true, true),
(113, 'Nh', 'Nihonium', 286.000, 1000000.00, 'USD', true, true),
(114, 'Fl', 'Flerovium', 289.000, 1000000.00, 'USD', true, true),
(115, 'Mc', 'Moscovium', 290.000, 1000000.00, 'USD', true, true),
(116, 'Lv', 'Livermorium', 293.000, 1000000.00, 'USD', true, true),
(117, 'Ts', 'Tennessine', 294.000, 1000000.00, 'USD', true, true),
(118, 'Og', 'Oganesson', 294.000, 1000000.00, 'USD', true, true);

INSERT INTO element_categories (element_id, category_id) VALUES
(1, 6),  
(2, 8),  
(3, 1),  
(4, 2),  
(5, 5),  
(6, 6),  
(7, 6),  
(8, 6),  
(9, 7),  
(10, 8), 
(11, 1), 
(12, 2), 
(13, 4), 
(14, 5), 
(15, 6), 
(16, 6), 
(17, 7), 
(18, 8), 
(19, 1), 
(20, 2), 
(21, 3), 
(22, 3), 
(23, 3), 
(24, 3), 
(25, 3), 
(26, 3), 
(27, 3), 
(28, 3), 
(29, 3), 
(30, 3), 
(31, 4), 
(32, 5), 
(33, 5), 
(34, 6), 
(35, 7), 
(36, 8), 
(37, 1), 
(38, 2), 
(39, 3), 
(40, 3), 
(41, 3), 
(42, 3), 
(43, 3), 
(44, 3), 
(45, 3), 
(46, 3), 
(47, 3), 
(48, 3), 
(49, 4), 
(50, 4), 
(51, 5), 
(52, 5), 
(53, 7), 
(54, 8), 
(55, 1), 
(56, 2), 
(57, 3), 
(58, 3), 
(59, 3), 
(60, 3), 
(61, 3), 
(62, 3), 
(63, 3), 
(64, 3), 
(65, 3), 
(66, 3), 
(67, 3), 
(68, 3), 
(69, 3), 
(70, 3), 
(71, 3), 
(72, 3), 
(73, 3), 
(74, 3), 
(75, 3), 
(76, 3), 
(77, 3), 
(78, 3), 
(79, 3), 
(80, 3), 
(81, 4), 
(82, 4), 
(83, 4), 
(84, 4), 
(85, 7), 
(86, 8), 
(87, 1), 
(88, 2), 
(89, 3), 
(90, 3), 
(91, 3), 
(92, 3), 
(93, 3), 
(94, 3), 
(95, 3), 
(96, 3), 
(97, 3), 
(98, 3), 
(99, 3), 
(100, 3),
(101, 3),
(102, 3),
(103, 3),
(104, 3),
(105, 3),
(106, 3),
(107, 3),
(108, 3),
(109, 3),
(110, 3),
(111, 3),
(112, 3),
(113, 4),
(114, 4),
(115, 4),
(116, 4),
(117, 7),
(118, 8);
