INSERT INTO categories (id, name, description) VALUES
(1, 'Щелочные металлы', 'Alkali metals'),
(2, 'Щелочноземельные металлы', 'Alkaline earth metals'),
(3, 'Переходные металлы', 'Transition metals'),
(4, 'Пост-переходные металлы', 'Post-transition metals'),
(5, 'Полуметаллы', 'Metalloids'),
(6, 'Неметаллы', 'Nonmetals'),
(7, 'Галогены', 'Halogens'),
(8, 'Благородные газы', 'Noble gases');


INSERT INTO chemical_elements (id, symbol, name, atomic_mass, price_amount, price_currency, is_radioactive, is_synthetic) VALUES
(1, 'H', 'Hydrogen', 1.008, 10.00, 'USD', false, false),
(2, 'He', 'Helium', 4.0026, 25.00, 'USD', false, false),
(3, 'Li', 'Lithium', 6.94, 50.00, 'USD', false, false),
(4, 'Be', 'Beryllium', 9.0122, 150.00, 'USD', false, false),
(5, 'B', 'Boron', 10.81, 35.00, 'USD', false, false),
(6, 'C', 'Carbon', 12.011, 5.00, 'USD', false, false),
(7, 'N', 'Nitrogen', 14.007, 2.00, 'USD', false, false),
(8, 'O', 'Oxygen', 15.999, 3.00, 'USD', false, false),
(9, 'F', 'Fluorine', 18.998, 80.00, 'USD', false, false),
(10, 'Ne', 'Neon', 20.180, 30.00, 'USD', false, false),
(11, 'Na', 'Sodium', 22.990, 15.00, 'USD', false, false),
(12, 'Mg', 'Magnesium', 24.305, 20.00, 'USD', false, false),
(13, 'Al', 'Aluminium', 26.982, 12.00, 'USD', false, false),
(14, 'Si', 'Silicon', 28.085, 18.00, 'USD', false, false),
(15, 'P', 'Phosphorus', 30.974, 40.00, 'USD', false, false),
(16, 'S', 'Sulfur', 32.06, 8.00, 'USD', false, false),
(17, 'Cl', 'Chlorine', 35.45, 45.00, 'USD', false, false),
(18, 'Ar', 'Argon', 39.948, 22.00, 'USD', false, false),
(19, 'K', 'Potassium', 39.098, 25.00, 'USD', false, false),
(20, 'Ca', 'Calcium', 40.078, 15.00, 'USD', false, false);

INSERT INTO element_categories (element_id, category_id) VALUES
(1, 6),  
(2, 8),  
(3, 1),  
(4, 2),  
(5, 5),  
(6, 6),  
(7, 6),  
(8, 6),  
(9, 7),  
(10, 8), 
(11, 1), 
(12, 2), 
(13, 4), 
(14, 5), 
(15, 6), 
(16, 6), 
(17, 7), 
(18, 8), 
(19, 1), 
(20, 2); 